Type,Name,Request Count,Failure Count,Median Response Time,Average Response Time,Min Response Time,Max Response Time,Average Content Size,Requests/s,Failures/s,50%,66%,75%,80%,90%,95%,98%,99%,99.9%,99.99%,100%
GET,hibrido_01_imagem_1mb,2984,0,180,224.97040995275026,17.57775699979902,1621.657814000173,1048576.0,25.08262608924936,0.0,180,230,270,300,420,560,750,870,1500,1600,1600
GET,hibrido_02_texto_400kb,2935,0,1600,1584.117660570363,394.74125500009904,3713.974715000404,487649.0,24.670746505344127,0.0,1600,1700,1900,1900,2200,2400,2600,2800,3600,3700,3700
GET,hibrido_03_imagem_300kb,2935,0,120,165.66100664804506,20.846996000273066,1477.800736000063,307200.0,24.670746505344127,0.0,120,160,190,220,310,420,640,820,1400,1500,1500
,Aggregated,8854,0,230,655.8518287310845,17.57775699979902,3713.974715000404,616877.4112265643,74.42411909993761,0.0,230,710,1300,1400,1800,2000,2300,2500,3200,3700,3700
