Type,Name,Request Count,Failure Count,Median Response Time,Average Response Time,Min Response Time,Max Response Time,Average Content Size,Requests/s,Failures/s,50%,66%,75%,80%,90%,95%,98%,99%,99.9%,99.99%,100%
GET,normal_imagem_1mb,2590,0,250,279.8952414359064,121.27178399987315,1053.8628760000393,30641.0,21.762013198125082,0.0,250,290,320,350,430,510,610,660,840,1100,1100
,Aggregated,2590,0,250,279.8952414359064,121.27178399987315,1053.8628760000393,30641.0,21.762013198125082,0.0,250,290,320,350,430,510,610,660,840,1100,1100
