Type,Name,Request Count,Failure Count,Median Response Time,Average Response Time,Min Response Time,Max Response Time,Average Content Size,Requests/s,Failures/s,50%,66%,75%,80%,90%,95%,98%,99%,99.9%,99.99%,100%
GET,normal_texto_400kb,2356,0,420,509.57879348090376,178.93410200031212,2566.110498999933,487649.0,19.822075054985717,0.0,420,510,600,670,890,1100,1500,1700,2500,2600,2600
,Aggregated,2356,0,420,509.57879348090376,178.93410200031212,2566.110498999933,487649.0,19.822075054985717,0.0,420,510,600,670,890,1100,1500,1700,2500,2600,2600
