Type,Name,Request Count,Failure Count,Median Response Time,Average Response Time,Min Response Time,Max Response Time,Average Content Size,Requests/s,Failures/s,50%,66%,75%,80%,90%,95%,98%,99%,99.9%,99.99%,100%
GET,normal_imagem_300kb,2606,0,230,263.0607428791252,128.84282899995014,817.5626199999897,30426.0,21.896123559696694,0.0,230,270,300,320,390,490,590,630,790,820,820
,Aggregated,2606,0,230,263.0607428791252,128.84282899995014,817.5626199999897,30426.0,21.896123559696694,0.0,230,270,300,320,390,490,590,630,790,820,820
