Type,Name,Request Count,Failure Count,Median Response Time,Average Response Time,Min Response Time,Max Response Time,Average Content Size,Requests/s,Failures/s,50%,66%,75%,80%,90%,95%,98%,99%,99.9%,99.99%,100%
GET,texto_400kb_01_post,2511,0,300,345.77134458858853,134.83721400007198,1345.8423810006934,487649.0,21.051887151174455,0.0,300,350,410,440,560,680,910,1000,1300,1300,1300
,Aggregated,2511,0,300,345.77134458858853,134.83721400007198,1345.8423810006934,487649.0,21.051887151174455,0.0,300,350,410,440,560,680,910,1000,1300,1300,1300
