Type,Name,Request Count,Failure Count,Median Response Time,Average Response Time,Min Response Time,Max Response Time,Average Content Size,Requests/s,Failures/s,50%,66%,75%,80%,90%,95%,98%,99%,99.9%,99.99%,100%
GET,imagem_1mb,5793,0,33,39.35961704108426,10.37271299992426,332.22523699987505,1048576.0,48.73547796126149,0.0,33,37,41,44,57,89,140,180,280,330,330
,Aggregated,5793,0,33,39.35961704108426,10.37271299992426,332.22523699987505,1048576.0,48.73547796126149,0.0,33,37,41,44,57,89,140,180,280,330,330
