Type,Name,Request Count,Failure Count,Median Response Time,Average Response Time,Min Response Time,Max Response Time,Average Content Size,Requests/s,Failures/s,50%,66%,75%,80%,90%,95%,98%,99%,99.9%,99.99%,100%
GET,hibrido_01_post_imagem_1mb,1206,0,860,884.3325069569131,318.7110960006976,1897.3806430003606,30487.0,10.12320051158807,0.0,860,950,1000,1100,1200,1400,1500,1600,1900,1900,1900
GET,hibrido_02_arquivo_1mb,1205,0,110,120.87080563904107,24.256115000753198,420.2312039997196,1048576.0,10.11480648131312,0.0,110,130,150,160,190,230,260,300,410,420,420
GET,hibrido_03_texto_400kb,1191,0,940,956.2431530629847,274.09847200033255,1856.9009020011435,487649.0,9.99729005746384,0.0,940,1000,1100,1200,1300,1400,1600,1700,1800,1900,1900
GET,hibrido_04_post_imagem_300kb,1177,0,850,884.5873846185459,294.57167300097353,1969.6150019990455,30166.0,9.879773633614558,0.0,850,940,1000,1100,1200,1400,1600,1600,2000,2000,2000
GET,hibrido_05_arquivo_300kb,1177,0,74,81.25880653950841,15.898359000857454,311.3800599985552,307200.0,9.879773633614558,0.0,74,86,99,110,130,150,190,210,290,310,310
,Aggregated,5956,0,670,585.601223384171,15.898359000857454,1969.6150019990455,382500.19190732035,49.99484431759415,0.0,670,840,930,990,1200,1300,1500,1600,1900,2000,2000
