Type,Name,Request Count,Failure Count,Median Response Time,Average Response Time,Min Response Time,Max Response Time,Average Content Size,Requests/s,Failures/s,50%,66%,75%,80%,90%,95%,98%,99%,99.9%,99.99%,100%
GET,imagem_300kb_01_post,2464,0,300,347.215184936697,138.5609500011924,1106.843666999339,30166.0,20.65499391217438,0.0,300,360,410,440,550,670,790,920,1100,1100,1100
GET,imagem_300kb_02_arquivo,2462,0,39,44.95082172055251,10.09824200082221,348.52195200073766,307200.0,20.638228495037875,0.0,39,48,54,58,74,90,110,130,250,350,350
,Aggregated,4926,0,160,196.1443643442996,10.09824200082221,1106.843666999339,168626.76086073893,41.293222407212255,0.0,160,260,300,340,440,550,700,790,1100,1100,1100
