Type,Name,Request Count,Failure Count,Median Response Time,Average Response Time,Min Response Time,Max Response Time,Average Content Size,Requests/s,Failures/s,50%,66%,75%,80%,90%,95%,98%,99%,99.9%,99.99%,100%
GET,normal_texto_400kb,3954,0,3800,3847.7702781464386,531.9664170001488,9627.836168999693,487649.0,33.13027750814875,0.0,3800,4100,4300,4500,4900,5500,6700,7500,9000,9600,9600
,Aggregated,3954,0,3800,3847.7702781464386,531.9664170001488,9627.836168999693,487649.0,33.13027750814875,0.0,3800,4100,4300,4500,4900,5500,6700,7500,9000,9600,9600
