Type,Name,Request Count,Failure Count,Median Response Time,Average Response Time,Min Response Time,Max Response Time,Average Content Size,Requests/s,Failures/s,50%,66%,75%,80%,90%,95%,98%,99%,99.9%,99.99%,100%
GET,hibrido_01_post_imagem_1mb,1393,0,3300,3342.643256651799,689.2135819998657,6694.360609999421,30487.0,11.641924146239985,0.0,3300,3600,3800,4000,4400,4800,5100,5200,6300,6700,6700
GET,hibrido_02_arquivo_1mb,1390,0,260,383.92882258557967,30.091216000073473,2416.225895000025,1048576.0,11.616851804216497,0.0,260,350,410,460,670,1700,2000,2100,2400,2400,2400
GET,hibrido_03_texto_400kb,1342,0,3800,3771.4651532786406,991.2345730008383,6706.211419001193,487649.0,11.215694331840675,0.0,3800,4000,4200,4400,4800,5000,5400,5600,6200,6700,6700
GET,hibrido_04_post_imagem_300kb,1297,0,3300,3320.133917306888,1223.9071269996202,6949.323208000351,30166.0,10.839609201488344,0.0,3300,3500,3700,3800,4100,4400,4800,5100,6300,6900,6900
GET,hibrido_05_arquivo_300kb,1293,0,190,238.16292621654569,17.14072700087854,2272.9713560001983,307200.0,10.806179412123692,0.0,190,230,280,310,410,510,740,1900,2200,2300,2300
,Aggregated,6715,0,2800,2213.7643648480803,17.14072700087854,6949.323208000351,385815.17364110204,56.12025889590919,0.0,2800,3300,3600,3800,4200,4600,5000,5200,6200,6900,6900
