Type,Name,Request Count,Failure Count,Median Response Time,Average Response Time,Min Response Time,Max Response Time,Average Content Size,Requests/s,Failures/s,50%,66%,75%,80%,90%,95%,98%,99%,99.9%,99.99%,100%
GET,texto_400kb_01_post,4199,0,2100,2191.2459348794846,367.19798700141837,5774.928037000791,487649.0,35.13006755129004,0.0,2100,2300,2500,2600,2900,3300,4100,4500,5500,5800,5800
,Aggregated,4199,0,2100,2191.2459348794846,367.19798700141837,5774.928037000791,487649.0,35.13006755129004,0.0,2100,2300,2500,2600,2900,3300,4100,4500,5500,5800,5800
