Type,Name,Request Count,Failure Count,Median Response Time,Average Response Time,Min Response Time,Max Response Time,Average Content Size,Requests/s,Failures/s,50%,66%,75%,80%,90%,95%,98%,99%,99.9%,99.99%,100%
GET,imagem_1mb_01_post,3819,0,2300,2348.9929841942803,542.7814270005911,5912.170678999246,30487.0,31.869373594536246,0.0,2300,2500,2600,2700,3000,3400,4100,4700,5600,5900,5900
GET,imagem_1mb_02_arquivo,3816,0,200,250.17362918893605,19.980551000116975,1676.6675960006978,1048576.0,31.844338737038573,0.0,200,260,300,340,460,630,890,1000,1500,1700,1700
,Aggregated,7635,0,950,1299.9956484116485,19.980551000116975,5912.170678999246,539331.4825147347,63.71371233157482,0.0,950,2100,2300,2400,2700,3000,3500,4100,5400,5900,5900
