Type,Name,Request Count,Failure Count,Median Response Time,Average Response Time,Min Response Time,Max Response Time,Average Content Size,Requests/s,Failures/s,50%,66%,75%,80%,90%,95%,98%,99%,99.9%,99.99%,100%
GET,normal_imagem_300kb,4886,0,2600,2768.890315367793,542.3206960003881,6784.778703000484,30426.0,40.856306645000714,0.0,2600,2900,3100,3300,3800,4300,4900,5200,5900,6800,6800
,Aggregated,4886,0,2600,2768.890315367793,542.3206960003881,6784.778703000484,30426.0,40.856306645000714,0.0,2600,2900,3100,3300,3800,4300,4900,5200,5900,6800,6800
