Type,Name,Request Count,Failure Count,Median Response Time,Average Response Time,Min Response Time,Max Response Time,Average Content Size,Requests/s,Failures/s,50%,66%,75%,80%,90%,95%,98%,99%,99.9%,99.99%,100%
GET,imagem_300kb,11582,0,24,44.5002917193077,7.606206000218663,508.27913500006616,307200.0,96.79544225932858,0.0,24,29,34,42,96,180,290,340,470,500,510
,Aggregated,11582,0,24,44.5002917193077,7.606206000218663,508.27913500006616,307200.0,96.79544225932858,0.0,24,29,34,42,96,180,290,340,470,500,510
