Type,Name,Request Count,Failure Count,Median Response Time,Average Response Time,Min Response Time,Max Response Time,Average Content Size,Requests/s,Failures/s,50%,66%,75%,80%,90%,95%,98%,99%,99.9%,99.99%,100%
GET,normal_imagem_1mb,4605,0,2900,3054.140466395015,600.1465119998102,9399.49753799965,30641.0,38.463456174775565,0.0,2900,3200,3400,3500,4000,4800,6500,7500,8700,9400,9400
,Aggregated,4605,0,2900,3054.140466395015,600.1465119998102,9399.49753799965,30641.0,38.463456174775565,0.0,2900,3200,3400,3500,4000,4800,6500,7500,8700,9400,9400
