Type,Name,Request Count,Failure Count,Median Response Time,Average Response Time,Min Response Time,Max Response Time,Average Content Size,Requests/s,Failures/s,50%,66%,75%,80%,90%,95%,98%,99%,99.9%,99.99%,100%
GET,imagem_1mb_01_post,3839,0,4900,4852.923969132087,1311.7601730009483,9809.897368000748,30487.0,32.16359561777957,0.0,4900,5200,5500,5700,6100,6500,6900,7400,8300,9800,9800
GET,imagem_1mb_02_arquivo,3825,0,960,1014.3202557735692,62.218511000537546,2736.048242000834,1048576.0,32.046301963533956,0.0,960,1100,1300,1400,1600,1900,2200,2300,2500,2700,2700
,Aggregated,7664,0,2300,2937.128144028179,62.218511000537546,9809.897368000748,538601.6170407098,64.20989758131353,0.0,2300,4400,4900,5100,5700,6100,6600,6900,8000,9800,9800
