Type,Name,Request Count,Failure Count,Median Response Time,Average Response Time,Min Response Time,Max Response Time,Average Content Size,Requests/s,Failures/s,50%,66%,75%,80%,90%,95%,98%,99%,99.9%,99.99%,100%
GET,hibrido_01_imagem_1mb,1631,94,14000,11567.249083196193,2.3190100000647362,17625.40811800045,28875.056407112203,13.62112264510787,0.7850309801594971,14000,14000,15000,15000,15000,16000,16000,16000,17000,18000,18000
GET,hibrido_02_texto_400kb,1410,96,15000,13026.293980521987,2.139662999979919,18254.72377999995,454447.3659574468,11.775464702392457,0.8017337669714013,15000,15000,15000,16000,16000,16000,17000,17000,18000,18000,18000
GET,hibrido_03_imagem_300kb,1228,94,14000,13432.174092702775,2.3611809992871713,17536.15728099976,28096.97394136808,10.255511102509175,0.7850309801594971,14000,15000,15000,15000,16000,16000,16000,16000,17000,18000,18000
,Aggregated,4269,284,14000,12585.609639978458,2.139662999979919,18254.72377999995,169212.71656125557,35.652098450009504,2.3717957272903956,14000,15000,15000,15000,16000,16000,16000,17000,18000,18000,18000
