Type,Name,Request Count,Failure Count,Median Response Time,Average Response Time,Min Response Time,Max Response Time,Average Content Size,Requests/s,Failures/s,50%,66%,75%,80%,90%,95%,98%,99%,99.9%,99.99%,100%
GET,normal_texto_400kb,4432,0,11000,10879.468137529146,1850.165803999971,15059.473901000274,487649.0,37.09850605630296,0.0,11000,12000,12000,12000,13000,13000,13000,14000,14000,15000,15000
,Aggregated,4432,0,11000,10879.468137529146,1850.165803999971,15059.473901000274,487649.0,37.09850605630296,0.0,11000,12000,12000,12000,13000,13000,13000,14000,14000,15000,15000
