Type,Name,Request Count,Failure Count,Median Response Time,Average Response Time,Min Response Time,Max Response Time,Average Content Size,Requests/s,Failures/s,50%,66%,75%,80%,90%,95%,98%,99%,99.9%,99.99%,100%
GET,imagem_300kb_01_post,4221,0,4400,4382.507029594392,1064.858366999033,7995.809256000939,30166.0,35.223834816722636,0.0,4400,4700,4900,5100,5500,5800,6200,6300,7100,8000,8000
GET,imagem_300kb_02_arquivo,4216,0,750,795.8667761795576,14.8147580002842,2575.959285999488,307200.0,35.182110302606645,0.0,750,900,1000,1100,1300,1600,1900,2000,2300,2600,2600
,Aggregated,8437,0,2200,2590.2496740892475,14.8147580002842,7995.809256000939,168600.91098731777,70.40594511932927,0.0,2200,4000,4400,4600,5100,5500,5900,6200,7000,8000,8000
