Type,Name,Request Count,Failure Count,Median Response Time,Average Response Time,Min Response Time,Max Response Time,Average Content Size,Requests/s,Failures/s,50%,66%,75%,80%,90%,95%,98%,99%,99.9%,99.99%,100%
GET,hibrido_01_post_imagem_1mb,1505,39,5100,4904.771168880397,2.922989999206038,8654.212666999229,29696.97142857143,12.610651310330937,0.3267876419288416,5100,5500,5700,5800,6200,6500,6900,7100,8400,8700,8700
GET,hibrido_02_arquivo_1mb,1469,44,1700,1786.9022168835643,2.411502000541077,4588.772487999449,1017168.6861810755,12.309001179319699,0.36868349345818024,1700,2000,2300,2400,2700,2900,3300,4000,4600,4600,4600
GET,hibrido_03_texto_400kb,1393,50,5900,5779.730379379053,2.2324649999063695,9639.529861000483,470145.4465183058,11.672184236073752,0.4189585152933866,5900,6300,6500,6700,7200,7600,8400,8900,9600,9600,9600
GET,hibrido_04_post_imagem_300kb,1337,51,5400,5313.766841354468,1.9330199993419228,8838.70564300014,29015.31488406881,11.202950698945159,0.42733768559925434,5400,5800,6000,6200,6700,7100,7700,8100,8600,8800,8800
GET,hibrido_05_arquivo_300kb,1331,50,1500,1518.0894568437154,2.325646000826964,4364.80145600035,295659.80465815176,11.152675677109952,0.4189585152933866,1500,1600,1800,1800,2200,2500,2900,3500,4300,4400,4400
,Aggregated,7035,234,4500,3863.9499244053786,1.9330199993419228,9639.529861000483,373296.947405828,58.9474631017795,1.9607258515730495,4500,5300,5600,5900,6400,6900,7500,8000,9000,9600,9600
