Type,Name,Request Count,Failure Count,Median Response Time,Average Response Time,Min Response Time,Max Response Time,Average Content Size,Requests/s,Failures/s,50%,66%,75%,80%,90%,95%,98%,99%,99.9%,99.99%,100%
GET,normal_imagem_300kb,5217,0,9400,9035.658456239235,2187.8025539999726,12397.301245000563,30426.0,43.566759601868135,0.0,9400,9700,9900,10000,10000,10000,11000,11000,11000,12000,12000
,Aggregated,5217,0,9400,9035.658456239235,2187.8025539999726,12397.301245000563,30426.0,43.566759601868135,0.0,9400,9700,9900,10000,10000,10000,11000,11000,11000,12000,12000
