Type,Name,Request Count,Failure Count,Median Response Time,Average Response Time,Min Response Time,Max Response Time,Average Content Size,Requests/s,Failures/s,50%,66%,75%,80%,90%,95%,98%,99%,99.9%,99.99%,100%
GET,normal_imagem_1mb,4068,0,12000,12056.117237771647,2647.9942280002433,18683.69035800015,30641.0,33.96162432867316,0.0,12000,13000,13000,14000,15000,17000,17000,18000,18000,19000,19000
,Aggregated,4068,0,12000,12056.117237771647,2647.9942280002433,18683.69035800015,30641.0,33.96162432867316,0.0,12000,13000,13000,14000,15000,17000,17000,18000,18000,19000,19000
