Type,Name,Request Count,Failure Count,Median Response Time,Average Response Time,Min Response Time,Max Response Time,Average Content Size,Requests/s,Failures/s,50%,66%,75%,80%,90%,95%,98%,99%,99.9%,99.99%,100%
GET,texto_400kb_01_post,3981,7,5000,5363.310673388613,2.735451000262401,15982.955622999725,486791.54132127605,33.425416040129946,0.05877365292160503,5000,5300,5600,5800,6800,10000,13000,14000,16000,16000,16000
,Aggregated,3981,7,5000,5363.310673388613,2.735451000262401,15982.955622999725,486791.54132127605,33.425416040129946,0.05877365292160503,5000,5300,5600,5800,6800,10000,13000,14000,16000,16000,16000
