Type,Name,Request Count,Failure Count,Median Response Time,Average Response Time,Min Response Time,Max Response Time,Average Content Size,Requests/s,Failures/s,50%,66%,75%,80%,90%,95%,98%,99%,99.9%,99.99%,100%
GET,normal_texto_400kb,2550,0,280,316.69683671725556,132.91483099965262,1015.0082210002438,487649.0,21.408836240966824,0.0,280,330,370,400,510,590,670,730,920,1000,1000
,Aggregated,2550,0,280,316.69683671725556,132.91483099965262,1015.0082210002438,487649.0,21.408836240966824,0.0,280,330,370,400,510,590,670,730,920,1000,1000
