Type,Name,Request Count,Failure Count,Median Response Time,Average Response Time,Min Response Time,Max Response Time,Average Content Size,Requests/s,Failures/s,50%,66%,75%,80%,90%,95%,98%,99%,99.9%,99.99%,100%
GET,normal_imagem_1mb,2586,0,250,284.65092170999196,131.1812860003556,924.5400079998944,30641.0,21.720370292030697,0.0,250,290,320,340,450,530,670,760,910,920,920
,Aggregated,2586,0,250,284.65092170999196,131.1812860003556,924.5400079998944,30641.0,21.720370292030697,0.0,250,290,320,340,450,530,670,760,910,920,920
