Type,Name,Request Count,Failure Count,Median Response Time,Average Response Time,Min Response Time,Max Response Time,Average Content Size,Requests/s,Failures/s,50%,66%,75%,80%,90%,95%,98%,99%,99.9%,99.99%,100%
GET,hibrido_01_imagem_1mb,1394,0,710,732.5386170150618,299.04783700021653,1435.9391369998775,30641.0,11.640133753938661,0.0,710,780,830,870,990,1100,1200,1300,1400,1400,1400
GET,hibrido_02_texto_400kb,1382,0,780,804.541236455855,247.99966899990977,1631.4130339997064,487649.0,11.539931741709633,0.0,780,870,930,960,1100,1200,1400,1400,1600,1600,1600
GET,hibrido_03_imagem_300kb,1371,0,720,748.8321060269944,210.53948900043906,1458.2822399997895,30426.0,11.448079897166359,0.0,720,800,860,900,1000,1100,1200,1300,1500,1500,1500
,Aggregated,4147,0,730,761.9203371748263,210.53948900043906,1631.4130339997064,182869.18688208342,34.62814539281465,0.0,730,820,880,920,1000,1100,1300,1400,1500,1600,1600
