Type,Name,Request Count,Failure Count,Median Response Time,Average Response Time,Min Response Time,Max Response Time,Average Content Size,Requests/s,Failures/s,50%,66%,75%,80%,90%,95%,98%,99%,99.9%,99.99%,100%
GET,imagem_300kb,5832,0,24,27.116715992281392,7.8435380000883015,266.43067199984216,307200.0,49.05698403157946,0.0,24,27,29,30,39,57,81,100,180,270,270
,Aggregated,5832,0,24,27.116715992281392,7.8435380000883015,266.43067199984216,307200.0,49.05698403157946,0.0,24,27,29,30,39,57,81,100,180,270,270
