Type,Name,Request Count,Failure Count,Median Response Time,Average Response Time,Min Response Time,Max Response Time,Average Content Size,Requests/s,Failures/s,50%,66%,75%,80%,90%,95%,98%,99%,99.9%,99.99%,100%
GET,normal_imagem_300kb,2572,0,250,290.6635809214624,126.15035599992552,1456.220934999692,30426.0,21.593220511531435,0.0,250,290,340,370,450,570,690,770,1300,1500,1500
,Aggregated,2572,0,250,290.6635809214624,126.15035599992552,1456.220934999692,30426.0,21.593220511531435,0.0,250,290,340,370,450,570,690,770,1300,1500,1500
