Type,Name,Request Count,Failure Count,Median Response Time,Average Response Time,Min Response Time,Max Response Time,Average Content Size,Requests/s,Failures/s,50%,66%,75%,80%,90%,95%,98%,99%,99.9%,99.99%,100%
GET,imagem_1mb_01_post,2449,0,320,359.45902966760275,133.5371679997479,922.3283299998002,30487.0,20.526088991862313,0.0,320,380,430,460,560,660,750,810,900,920,920
GET,imagem_1mb_02_arquivo,2446,0,54,61.84985408260236,13.483649001500453,306.99036799887836,1048576.0,20.500944742382693,0.0,54,66,74,79,99,120,160,200,280,310,310
,Aggregated,4895,0,170,210.74563978386186,13.483649001500453,922.3283299998002,539219.5217568948,41.02703373424501,0.0,170,270,320,360,460,560,690,750,890,920,920
