Type,Name,Request Count,Failure Count,Median Response Time,Average Response Time,Min Response Time,Max Response Time,Average Content Size,Requests/s,Failures/s,50%,66%,75%,80%,90%,95%,98%,99%,99.9%,99.99%,100%
GET,hibrido_01_post_imagem_1mb,1236,0,810,839.4606645760397,280.8625440011383,1730.1995159996295,30487.0,10.363656982360206,0.0,810,900,970,1000,1100,1300,1400,1500,1700,1700,1700
GET,hibrido_02_arquivo_1mb,1233,0,110,116.79292591645874,22.32417599952896,428.1994470002246,1048576.0,10.338502475121468,0.0,110,130,140,160,190,210,260,290,430,430,430
GET,hibrido_03_texto_400kb,1225,0,900,925.4495197028612,249.0527869995276,2054.6023879996937,487649.0,10.271423789151498,0.0,900,1000,1100,1100,1300,1400,1600,1700,2000,2100,2100
GET,hibrido_04_post_imagem_300kb,1217,0,830,865.8648899080057,333.6324980009522,1854.387058001521,30166.0,10.204345103181529,0.0,830,920,990,1000,1200,1300,1500,1600,1800,1900,1900
GET,hibrido_05_arquivo_300kb,1217,0,77,84.87698754969841,15.777548998812563,347.6358629995957,307200.0,10.204345103181529,0.0,77,91,100,110,140,170,210,260,340,350,350
,Aggregated,6128,0,660,566.6298279329326,15.777548998812563,2054.6023879996937,381612.36733028723,51.38227345299623,0.0,660,810,890,950,1100,1200,1400,1500,1800,2100,2100
