Type,Name,Request Count,Failure Count,Median Response Time,Average Response Time,Min Response Time,Max Response Time,Average Content Size,Requests/s,Failures/s,50%,66%,75%,80%,90%,95%,98%,99%,99.9%,99.99%,100%
GET,texto_400kb,3674,0,1100,1222.1324124033715,265.5389510000532,3681.5681980006048,487649.0,30.723238079437824,0.0,1100,1300,1500,1600,1900,2300,2700,3000,3500,3700,3700
,Aggregated,3674,0,1100,1222.1324124033715,265.5389510000532,3681.5681980006048,487649.0,30.723238079437824,0.0,1100,1300,1500,1600,1900,2300,2700,3000,3500,3700,3700
