Type,Name,Request Count,Failure Count,Median Response Time,Average Response Time,Min Response Time,Max Response Time,Average Content Size,Requests/s,Failures/s,50%,66%,75%,80%,90%,95%,98%,99%,99.9%,99.99%,100%
GET,imagem_1mb_01_post,3842,0,2300,2325.473211624926,417.0455359999323,4690.419086000475,30487.0,32.13030027852852,0.0,2300,2500,2600,2800,3100,3400,3800,4000,4600,4700,4700
GET,imagem_1mb_02_arquivo,3841,0,200,252.33404811611885,17.516167999929166,1776.9432730001427,1048576.0,32.12193736851329,0.0,200,260,310,340,450,600,930,1200,1700,1800,1800
,Aggregated,7683,0,960,1289.0385471660798,17.516167999929166,4690.419086000475,539465.2440452948,64.25223764704181,0.0,960,2100,2300,2400,2800,3100,3500,3800,4500,4700,4700
