Type,Name,Request Count,Failure Count,Median Response Time,Average Response Time,Min Response Time,Max Response Time,Average Content Size,Requests/s,Failures/s,50%,66%,75%,80%,90%,95%,98%,99%,99.9%,99.99%,100%
GET,texto_400kb,3543,0,4100,4566.078142287603,1180.3577299997414,15145.58990400019,487649.0,29.575338598423073,0.0,4100,4600,5000,5400,6800,9000,11000,14000,15000,15000,15000
,Aggregated,3543,0,4100,4566.078142287603,1180.3577299997414,15145.58990400019,487649.0,29.575338598423073,0.0,4100,4600,5000,5400,6800,9000,11000,14000,15000,15000,15000
