Type,Name,Request Count,Failure Count,Median Response Time,Average Response Time,Min Response Time,Max Response Time,Average Content Size,Requests/s,Failures/s,50%,66%,75%,80%,90%,95%,98%,99%,99.9%,99.99%,100%
GET,hibrido_01_imagem_1mb,1598,0,4100,4143.7739465118775,712.5745639996239,8315.166258999852,30641.0,13.356959043917145,0.0,4100,4400,4600,4800,5300,5900,6800,7000,8100,8300,8300
GET,hibrido_02_texto_400kb,1535,0,4600,4624.518106624747,517.1853000001647,10003.55599500017,487649.0,12.830370545940438,0.0,4600,4900,5100,5300,5800,6400,7500,8600,9900,10000,10000
GET,hibrido_03_imagem_300kb,1479,0,4200,4261.038722219739,1647.736965999684,9387.978028999896,30426.0,12.362291881072252,0.0,4200,4500,4700,4800,5300,5900,7000,7800,8900,9400,9400
,Aggregated,4612,0,4300,4341.3838530698085,517.1853000001647,10003.55599500017,182676.84019947963,38.549621470929836,0.0,4300,4600,4800,5000,5500,6100,7000,7700,9200,10000,10000
