Type,Name,Request Count,Failure Count,Median Response Time,Average Response Time,Min Response Time,Max Response Time,Average Content Size,Requests/s,Failures/s,50%,66%,75%,80%,90%,95%,98%,99%,99.9%,99.99%,100%
GET,hibrido_01_post_imagem_1mb,1381,0,3300,3314.8549925336483,672.1041409982718,6239.60710999927,30487.0,11.596823554417977,0.0,3300,3600,3800,3900,4300,4600,5000,5300,5800,6200,6200
GET,hibrido_02_arquivo_1mb,1381,0,280,440.4368578920879,20.53062699997099,2716.0352830014745,1048576.0,11.596823554417977,0.0,280,370,440,490,830,1800,2300,2500,2700,2700,2700
GET,hibrido_03_texto_400kb,1324,0,3800,3762.650949516619,726.4130570001726,6645.285221000449,487649.0,11.118171170202318,0.0,3800,4000,4300,4400,4700,5100,5600,5800,6400,6600,6600
GET,hibrido_04_post_imagem_300kb,1281,0,3300,3365.005024494143,1048.9971229999355,6433.032675999129,30166.0,10.757082529478224,0.0,3300,3600,3800,3900,4300,4600,5200,5400,6100,6400,6400
GET,hibrido_05_arquivo_300kb,1281,0,180,251.37615306010898,14.955889000702882,2425.3415719995246,307200.0,10.757082529478224,0.0,180,230,260,290,400,600,1800,1900,2400,2400,2400
,Aggregated,6648,0,2800,2226.2924475097648,14.955889000702882,6645.285221000449,386281.45682912157,55.82598333799472,0.0,2800,3300,3600,3800,4200,4600,5000,5300,6000,6600,6600
