Type,Name,Request Count,Failure Count,Median Response Time,Average Response Time,Min Response Time,Max Response Time,Average Content Size,Requests/s,Failures/s,50%,66%,75%,80%,90%,95%,98%,99%,99.9%,99.99%,100%
GET,normal_imagem_1mb,4769,0,2800,2840.9297336789637,388.8462120003169,6339.62667600008,30641.0,40.01135880010513,0.0,2800,3100,3300,3400,3800,4100,4600,4900,5700,6300,6300
,Aggregated,4769,0,2800,2840.9297336789637,388.8462120003169,6339.62667600008,30641.0,40.01135880010513,0.0,2800,3100,3300,3400,3800,4100,4600,4900,5700,6300,6300
