Type,Name,Request Count,Failure Count,Median Response Time,Average Response Time,Min Response Time,Max Response Time,Average Content Size,Requests/s,Failures/s,50%,66%,75%,80%,90%,95%,98%,99%,99.9%,99.99%,100%
GET,imagem_300kb_01_post,4103,0,2000,2112.852536045569,633.1991000006383,4650.954235001336,30166.0,34.25845096588493,0.0,2000,2300,2400,2500,2800,3100,3400,3600,4400,4700,4700
GET,imagem_300kb_02_arquivo,4093,0,140,198.59206757637,11.966087000473635,1541.0354169998755,307200.0,34.17495486311651,0.0,140,190,230,260,360,500,1100,1200,1500,1500,1500
,Aggregated,8196,0,1100,1156.8901034632806,11.966087000473635,4650.954235001336,168513.9943875061,68.43340582900144,0.0,1100,1800,2100,2200,2500,2800,3100,3400,4300,4700,4700
