Type,Name,Request Count,Failure Count,Median Response Time,Average Response Time,Min Response Time,Max Response Time,Average Content Size,Requests/s,Failures/s,50%,66%,75%,80%,90%,95%,98%,99%,99.9%,99.99%,100%
GET,normal_imagem_300kb,4923,0,2600,2714.134619197647,271.8974259996685,6288.057036999817,30426.0,41.266376704534245,0.0,2600,2900,3100,3200,3600,4000,4400,4800,5700,6300,6300
,Aggregated,4923,0,2600,2714.134619197647,271.8974259996685,6288.057036999817,30426.0,41.266376704534245,0.0,2600,2900,3100,3200,3600,4000,4400,4800,5700,6300,6300
