Type,Name,Request Count,Failure Count,Median Response Time,Average Response Time,Min Response Time,Max Response Time,Average Content Size,Requests/s,Failures/s,50%,66%,75%,80%,90%,95%,98%,99%,99.9%,99.99%,100%
GET,texto_400kb_01_post,4220,0,2100,2160.602237813749,517.7540590011631,5124.542711000686,487649.0,35.339004496757994,0.0,2100,2300,2400,2500,2900,3200,3800,4300,4900,5100,5100
,Aggregated,4220,0,2100,2160.602237813749,517.7540590011631,5124.542711000686,487649.0,35.339004496757994,0.0,2100,2300,2400,2500,2900,3200,3800,4300,4900,5100,5100
