Type,Name,Request Count,Failure Count,Median Response Time,Average Response Time,Min Response Time,Max Response Time,Average Content Size,Requests/s,Failures/s,50%,66%,75%,80%,90%,95%,98%,99%,99.9%,99.99%,100%
GET,normal_imagem_1mb,4828,1,10000,9938.821573920466,2.2790410002926365,13377.274759999636,30634.65347970174,40.40044756772039,0.008367946886437529,10000,11000,11000,11000,12000,12000,12000,13000,13000,13000,13000
,Aggregated,4828,1,10000,9938.821573920466,2.2790410002926365,13377.274759999636,30634.65347970174,40.40044756772039,0.008367946886437529,10000,11000,11000,11000,12000,12000,12000,13000,13000,13000,13000
