Type,Name,Request Count,Failure Count,Median Response Time,Average Response Time,Min Response Time,Max Response Time,Average Content Size,Requests/s,Failures/s,50%,66%,75%,80%,90%,95%,98%,99%,99.9%,99.99%,100%
GET,imagem_1mb_01_post,3796,3,4800,4864.733505761044,4.598564000843908,8956.47969699894,30462.905953635407,31.80637221659523,0.025136753595833953,4800,5300,5500,5700,6200,6600,7100,7500,8700,9000,9000
GET,imagem_1mb_02_arquivo,3786,4,970,1068.029074183058,2.6773350000439677,3335.8986569983244,1047468.1542525092,31.72258303794245,0.03351567146111194,970,1200,1400,1500,1900,2100,2400,2800,3300,3300,3300
,Aggregated,7582,7,2500,2968.885051797154,2.6773350000439677,8956.47969699894,538294.8592719599,63.52895525453768,0.058652425056945894,2500,4400,4800,5100,5700,6200,6800,7100,8200,9000,9000
