Type,Name,Request Count,Failure Count,Median Response Time,Average Response Time,Min Response Time,Max Response Time,Average Content Size,Requests/s,Failures/s,50%,66%,75%,80%,90%,95%,98%,99%,99.9%,99.99%,100%
GET,texto_400kb,4068,40,6300,6174.7110032551645,2.8375319998303894,10792.40614199989,482854.02458210423,33.99939427521893,0.3343106615065775,6300,6600,6900,7000,7500,7900,8500,8800,9800,11000,11000
,Aggregated,4068,40,6300,6174.7110032551645,2.8375319998303894,10792.40614199989,482854.02458210423,33.99939427521893,0.3343106615065775,6300,6600,6900,7000,7500,7900,8500,8800,9800,11000,11000
