Type,Name,Request Count,Failure Count,Median Response Time,Average Response Time,Min Response Time,Max Response Time,Average Content Size,Requests/s,Failures/s,50%,66%,75%,80%,90%,95%,98%,99%,99.9%,99.99%,100%
GET,hibrido_01_post_imagem_1mb,1509,29,5100,4968.3823510085895,2.786082999591599,8046.644524998555,29901.100066269053,12.657335826145882,0.24324899864693877,5100,5500,5800,5900,6300,6600,6900,7100,7800,8000,8000
GET,hibrido_02_arquivo_1mb,1475,30,1800,1750.3658573715493,2.1870580003451323,3461.3314119997085,1027249.0305084746,12.37214734497361,0.2516368951520056,1800,2000,2100,2200,2500,2900,3000,3100,3400,3500,3500
GET,hibrido_03_texto_400kb,1385,36,5800,5716.317323367474,1.9978910004283534,9389.68379400103,474973.6469314079,11.617236659517593,0.30196427418240673,5800,6200,6500,6600,7100,7500,7900,8200,9400,9400,9400
GET,hibrido_04_post_imagem_300kb,1342,36,5500,5388.49916824662,2.4985649997688597,8564.22870500137,29356.777943368106,11.256557109799719,0.30196427418240673,5500,5800,6100,6200,6600,7000,7300,7700,8500,8600,8600
GET,hibrido_05_arquivo_300kb,1324,37,1500,1543.2467635899243,2.1660139991581673,3293.728729999202,298615.1057401813,11.105574972708515,0.3103521706874736,1500,1700,1900,2000,2200,2500,2700,2800,3100,3300,3300
,Aggregated,7035,168,4500,3876.446723374413,1.9978910004283534,9389.68379400103,377102.31371712865,59.00885191314532,1.4091666128512315,4500,5300,5700,5900,6400,6800,7300,7600,8400,9400,9400
