Type,Name,Request Count,Failure Count,Median Response Time,Average Response Time,Min Response Time,Max Response Time,Average Content Size,Requests/s,Failures/s,50%,66%,75%,80%,90%,95%,98%,99%,99.9%,99.99%,100%
GET,texto_400kb_01_post,4359,0,4800,4901.491026516851,1120.5430479985807,9959.064340000623,487649.0,36.44074658878257,0.0,4800,5100,5400,5500,6000,6700,7500,8100,9500,10000,10000
,Aggregated,4359,0,4800,4901.491026516851,1120.5430479985807,9959.064340000623,487649.0,36.44074658878257,0.0,4800,5100,5400,5500,6000,6700,7500,8100,9500,10000,10000
