Type,Name,Request Count,Failure Count,Median Response Time,Average Response Time,Min Response Time,Max Response Time,Average Content Size,Requests/s,Failures/s,50%,66%,75%,80%,90%,95%,98%,99%,99.9%,99.99%,100%
GET,hibrido_01_imagem_1mb,1790,44,11000,9976.534632589393,2.5674269991213805,14846.59278900017,29887.813407821228,14.991841573651191,0.36851454147522483,11000,12000,12000,12000,13000,13000,13000,14000,15000,15000,15000
GET,hibrido_02_texto_400kb,1636,49,12000,11405.207257015918,2.2222420002435683,15627.699804000258,473043.3759168704,13.702040678487904,0.4103911939155913,12000,13000,13000,13000,14000,14000,14000,15000,15000,16000,16000
GET,hibrido_03_imagem_300kb,1520,51,12000,11427.87103883552,2.173656999730156,14486.15067799983,29405.127631578947,12.730502341871404,0.4271418548917379,12000,12000,12000,12000,13000,13000,14000,14000,14000,14000,14000
,Aggregated,4946,144,12000,10895.12334084982,2.173656999730156,15627.699804000258,176323.07784067933,41.4243845940105,1.206047590282554,12000,12000,12000,13000,13000,14000,14000,14000,15000,16000,16000
