Type,Name,Request Count,Failure Count,Median Response Time,Average Response Time,Min Response Time,Max Response Time,Average Content Size,Requests/s,Failures/s,50%,66%,75%,80%,90%,95%,98%,99%,99.9%,99.99%,100%
GET,imagem_300kb_01_post,4329,0,4300,4270.910704478419,987.7330740000616,7924.065122000684,30166.0,36.09103406241257,0.0,4300,4700,4900,5000,5400,5700,6100,6400,7500,7900,7900
GET,imagem_300kb_02_arquivo,4287,0,740,755.9662416832285,18.185504999564728,2127.706725999815,307200.0,35.74087849978348,0.0,740,930,1000,1100,1300,1500,1600,1700,2000,2100,2100
,Aggregated,8616,0,2000,2522.0055382756664,18.185504999564728,7924.065122000684,168007.7778551532,71.83191256219605,0.0,2000,3900,4300,4500,5000,5400,5800,6100,7300,7900,7900
