Type,Name,Request Count,Failure Count,Median Response Time,Average Response Time,Min Response Time,Max Response Time,Average Content Size,Requests/s,Failures/s,50%,66%,75%,80%,90%,95%,98%,99%,99.9%,99.99%,100%
GET,normal_imagem_300kb,4896,0,10000,9710.8166797635,1208.8149369992607,13091.279878999558,30426.0,40.9262486676078,0.0,10000,10000,11000,11000,11000,12000,12000,12000,13000,13000,13000
,Aggregated,4896,0,10000,9710.8166797635,1208.8149369992607,13091.279878999558,30426.0,40.9262486676078,0.0,10000,10000,11000,11000,11000,12000,12000,12000,13000,13000,13000
