Type,Name,Request Count,Failure Count,Median Response Time,Average Response Time,Min Response Time,Max Response Time,Average Content Size,Requests/s,Failures/s,50%,66%,75%,80%,90%,95%,98%,99%,99.9%,99.99%,100%
GET,imagem_1mb_01_post,2409,0,320,389.7229144109767,127.96811199950753,4344.138362999729,30487.0,20.185275572134106,0.0,320,380,430,460,570,710,990,1400,4200,4300,4300
GET,imagem_1mb_02_arquivo,2406,0,56,75.25135543142426,14.364561000547837,3157.3713540001336,1048576.0,20.160138242654487,0.0,56,67,75,82,100,130,210,270,3100,3200,3200
,Aggregated,4815,0,180,232.58510113895034,14.364561000547837,4344.138362999729,539214.338317757,40.34541381478859,0.0,180,280,330,360,470,590,810,1100,4100,4300,4300
