Type,Name,Request Count,Failure Count,Median Response Time,Average Response Time,Min Response Time,Max Response Time,Average Content Size,Requests/s,Failures/s,50%,66%,75%,80%,90%,95%,98%,99%,99.9%,99.99%,100%
GET,hibrido_01_imagem_1mb,1348,0,720,767.1157433041551,287.5953570001002,3881.984929999817,30641.0,11.328364917047232,0.0,720,810,870,920,1100,1200,1400,1500,3900,3900,3900
GET,hibrido_02_texto_400kb,1342,0,800,833.5147020827168,267.18415199957235,4192.741134999778,487649.0,11.277941927802214,0.0,800,890,960,1000,1200,1300,1500,1600,4000,4200,4200
GET,hibrido_03_imagem_300kb,1336,0,740,779.3431082357979,272.86610200008,4159.141355000429,30426.0,11.227518938557196,0.0,740,830,900,960,1100,1300,1400,1500,3800,4200,4200
,Aggregated,4026,0,750,793.3062952737301,267.18415199957235,4192.741134999778,182905.65375062096,33.83382578340664,0.0,750,840,910,970,1100,1300,1500,1600,3900,4200,4200
