Type,Name,Request Count,Failure Count,Median Response Time,Average Response Time,Min Response Time,Max Response Time,Average Content Size,Requests/s,Failures/s,50%,66%,75%,80%,90%,95%,98%,99%,99.9%,99.99%,100%
GET,normal_texto_400kb,2548,0,270,324.0206573359553,133.5762139997314,3765.6263290000425,487649.0,21.374586611254234,0.0,270,320,360,390,500,640,790,880,3400,3800,3800
,Aggregated,2548,0,270,324.0206573359553,133.5762139997314,3765.6263290000425,487649.0,21.374586611254234,0.0,270,320,360,390,500,640,790,880,3400,3800,3800
