Type,Name,Request Count,Failure Count,Median Response Time,Average Response Time,Min Response Time,Max Response Time,Average Content Size,Requests/s,Failures/s,50%,66%,75%,80%,90%,95%,98%,99%,99.9%,99.99%,100%
GET,hibrido_01_post_imagem_1mb,1223,0,820,864.0848027685953,375.19709700063686,4133.943429002102,30487.0,10.248422252641676,0.0,820,910,990,1000,1200,1300,1500,1600,3900,4100,4100
GET,hibrido_02_arquivo_1mb,1223,0,110,125.46466813408854,19.830460998491617,3238.1878749984025,1048576.0,10.248422252641676,0.0,110,140,150,160,200,230,260,300,3100,3200,3200
GET,hibrido_03_texto_400kb,1210,0,900,936.9648565877121,252.9936320024717,4379.5166480012995,487649.0,10.139485630168787,0.0,900,1000,1100,1100,1300,1400,1500,1600,1800,4400,4400
GET,hibrido_04_post_imagem_300kb,1194,0,810,850.9576563165623,347.97678899849416,3825.8417429969995,30166.0,10.005409787125233,0.0,810,900,990,1000,1200,1300,1400,1600,1800,3800,3800
GET,hibrido_05_arquivo_300kb,1193,0,74,85.3917013469724,17.191948998515727,3223.9176580005733,307200.0,9.997030046935011,0.0,74,91,100,110,140,160,200,220,320,3200,3200
,Aggregated,6043,0,650,572.8714580066244,17.191948998515727,4379.5166480012995,382633.9803077941,50.63876996951238,0.0,650,810,890,960,1100,1200,1400,1500,3200,4400,4400
