Type,Name,Request Count,Failure Count,Median Response Time,Average Response Time,Min Response Time,Max Response Time,Average Content Size,Requests/s,Failures/s,50%,66%,75%,80%,90%,95%,98%,99%,99.9%,99.99%,100%
GET,normal_imagem_300kb,2538,0,260,324.93346455045634,122.13820300075895,3511.5519439996206,30426.0,21.274101257185105,0.0,260,290,330,350,450,550,1300,2300,3400,3500,3500
,Aggregated,2538,0,260,324.93346455045634,122.13820300075895,3511.5519439996206,30426.0,21.274101257185105,0.0,260,290,330,350,450,550,1300,2300,3400,3500,3500
