Type,Name,Request Count,Failure Count,Median Response Time,Average Response Time,Min Response Time,Max Response Time,Average Content Size,Requests/s,Failures/s,50%,66%,75%,80%,90%,95%,98%,99%,99.9%,99.99%,100%
GET,normal_imagem_1mb,2513,0,290,357.9302145957034,130.1502589994925,3720.991485000013,30641.0,21.14162557829327,0.0,290,360,410,450,550,690,820,1300,3700,3700,3700
,Aggregated,2513,0,290,357.9302145957034,130.1502589994925,3720.991485000013,30641.0,21.14162557829327,0.0,290,360,410,450,550,690,820,1300,3700,3700,3700
