Type,Name,Request Count,Failure Count,Median Response Time,Average Response Time,Min Response Time,Max Response Time,Average Content Size,Requests/s,Failures/s,50%,66%,75%,80%,90%,95%,98%,99%,99.9%,99.99%,100%
GET,imagem_300kb_01_post,2479,0,300,339.18060525091124,149.9498869998206,3820.819725000547,30166.0,20.789393632339625,0.0,300,350,400,420,510,600,730,810,3500,3800,3800
GET,imagem_300kb_02_arquivo,2478,0,39,46.50901693340772,8.808614000372472,3171.6133640002226,307200.0,20.781007430793704,0.0,39,46,52,56,68,81,99,120,3100,3200,3200
,Aggregated,4957,0,160,192.87433213193367,8.808614000372472,3820.819725000547,168655.05628404277,41.57040106313333,0.0,160,250,300,330,420,510,630,740,3400,3800,3800
