Type,Name,Request Count,Failure Count,Median Response Time,Average Response Time,Min Response Time,Max Response Time,Average Content Size,Requests/s,Failures/s,50%,66%,75%,80%,90%,95%,98%,99%,99.9%,99.99%,100%
GET,texto_400kb_01_post,2508,0,300,345.54564940666467,139.3599799994263,3659.0026009998837,487649.0,21.026673644059503,0.0,300,360,400,430,530,610,720,950,3500,3700,3700
,Aggregated,2508,0,300,345.54564940666467,139.3599799994263,3659.0026009998837,487649.0,21.026673644059503,0.0,300,360,400,430,530,610,720,950,3500,3700,3700
