Type,Name,Request Count,Failure Count,Median Response Time,Average Response Time,Min Response Time,Max Response Time,Average Content Size,Requests/s,Failures/s,50%,66%,75%,80%,90%,95%,98%,99%,99.9%,99.99%,100%
GET,normal_imagem_1mb,4312,0,3100,3366.897302788492,375.5039699999543,8434.249889999592,30641.0,36.18431340297757,0.0,3100,3500,4000,4400,5200,5800,6300,6600,7800,8400,8400
,Aggregated,4312,0,3100,3366.897302788492,375.5039699999543,8434.249889999592,30641.0,36.18431340297757,0.0,3100,3500,4000,4400,5200,5800,6300,6600,7800,8400,8400
