Type,Name,Request Count,Failure Count,Median Response Time,Average Response Time,Min Response Time,Max Response Time,Average Content Size,Requests/s,Failures/s,50%,66%,75%,80%,90%,95%,98%,99%,99.9%,99.99%,100%
GET,hibrido_01_post_imagem_1mb,1385,0,3300,3322.2205443183675,836.5961580020667,7400.676774999738,30487.0,11.579635699983102,0.0,3300,3600,3800,3900,4200,4600,5000,5400,7400,7400,7400
GET,hibrido_02_arquivo_1mb,1385,0,260,390.2252248137173,22.839018998638494,2152.3469499989005,1048576.0,11.579635699983102,0.0,260,350,410,460,880,1400,1900,2000,2100,2200,2200
GET,hibrido_03_texto_400kb,1335,0,3800,3870.1042390935827,629.8366649971285,7588.9800830009335,487649.0,11.161598310092016,0.0,3800,4200,4400,4500,4800,5200,6000,6300,7100,7600,7600
GET,hibrido_04_post_imagem_300kb,1285,0,3300,3373.8015006327196,1281.24370900332,6876.472947998991,30166.0,10.74356092020093,0.0,3300,3600,3800,3900,4200,4500,5000,5400,6700,6900,6900
GET,hibrido_05_arquivo_300kb,1285,0,170,230.56837572220022,15.586867000820348,3295.18126900075,307200.0,10.74356092020093,0.0,170,220,260,290,380,510,1100,1700,3100,3300,3300
,Aggregated,6675,0,2800,2238.1935341653843,15.586867000820348,7588.9800830009335,386371.3827715356,55.80799155046008,0.0,2800,3400,3600,3800,4200,4600,5100,5400,7000,7600,7600
