Type,Name,Request Count,Failure Count,Median Response Time,Average Response Time,Min Response Time,Max Response Time,Average Content Size,Requests/s,Failures/s,50%,66%,75%,80%,90%,95%,98%,99%,99.9%,99.99%,100%
GET,normal_texto_400kb,4228,0,3200,3465.258871412957,400.57815099953586,10657.891891000872,487649.0,35.29140209127926,0.0,3200,3600,3900,4100,5100,5900,6500,6900,8200,11000,11000
,Aggregated,4228,0,3200,3465.258871412957,400.57815099953586,10657.891891000872,487649.0,35.29140209127926,0.0,3200,3600,3900,4100,5100,5900,6500,6900,8200,11000,11000
