Type,Name,Request Count,Failure Count,Median Response Time,Average Response Time,Min Response Time,Max Response Time,Average Content Size,Requests/s,Failures/s,50%,66%,75%,80%,90%,95%,98%,99%,99.9%,99.99%,100%
GET,imagem_1mb,11354,0,45,64.31163209106705,11.222169000575377,3176.486961999217,1048576.0,95.36794593198665,0.0,45,58,72,82,120,160,230,270,480,3100,3200
,Aggregated,11354,0,45,64.31163209106705,11.222169000575377,3176.486961999217,1048576.0,95.36794593198665,0.0,45,58,72,82,120,160,230,270,480,3100,3200
