Type,Name,Request Count,Failure Count,Median Response Time,Average Response Time,Min Response Time,Max Response Time,Average Content Size,Requests/s,Failures/s,50%,66%,75%,80%,90%,95%,98%,99%,99.9%,99.99%,100%
GET,texto_400kb_01_post,4149,0,2200,2233.616888937836,519.3338099998073,6327.618073000849,487649.0,34.75165303209591,0.0,2200,2400,2500,2600,3000,3400,4000,4300,5200,6300,6300
,Aggregated,4149,0,2200,2233.616888937836,519.3338099998073,6327.618073000849,487649.0,34.75165303209591,0.0,2200,2400,2500,2600,3000,3400,4000,4300,5200,6300,6300
