Type,Name,Request Count,Failure Count,Median Response Time,Average Response Time,Min Response Time,Max Response Time,Average Content Size,Requests/s,Failures/s,50%,66%,75%,80%,90%,95%,98%,99%,99.9%,99.99%,100%
GET,hibrido_01_imagem_1mb,1620,0,4100,4063.4083423351735,740.6450150001547,8752.087401999233,30641.0,13.608177031043718,0.0,4100,4400,4600,4800,5200,5600,6100,6300,8000,8800,8800
GET,hibrido_02_texto_400kb,1534,0,4500,4525.778174177967,454.1080459994191,8652.392373000112,487649.0,12.885767633099423,0.0,4500,4900,5100,5300,5700,6200,6900,7300,8600,8700,8700
GET,hibrido_03_imagem_300kb,1488,0,4200,4258.270958663307,1598.4393750004529,7603.728924999814,30426.0,12.499362606292008,0.0,4200,4600,4800,5000,5400,5900,6400,6700,7400,7600,7600
,Aggregated,4642,0,4300,4278.667044434065,454.1080459994191,8752.087401999233,181595.4058595433,38.993307270435146,0.0,4300,4600,4800,5000,5500,5900,6500,6900,8100,8800,8800
