Type,Name,Request Count,Failure Count,Median Response Time,Average Response Time,Min Response Time,Max Response Time,Average Content Size,Requests/s,Failures/s,50%,66%,75%,80%,90%,95%,98%,99%,99.9%,99.99%,100%
GET,normal_imagem_300kb,4686,0,2900,2976.358505092825,326.39116999962425,8880.769366000095,30426.0,39.28464913441911,0.0,2900,3200,3400,3600,4100,4600,5100,5400,6300,8900,8900
,Aggregated,4686,0,2900,2976.358505092825,326.39116999962425,8880.769366000095,30426.0,39.28464913441911,0.0,2900,3200,3400,3600,4100,4600,5100,5400,6300,8900,8900
