Type,Name,Request Count,Failure Count,Median Response Time,Average Response Time,Min Response Time,Max Response Time,Average Content Size,Requests/s,Failures/s,50%,66%,75%,80%,90%,95%,98%,99%,99.9%,99.99%,100%
GET,imagem_300kb_01_post,4079,0,2100,2110.0300994878708,507.39040699772886,5843.9545429973805,30166.0,34.1500105278077,0.0,2100,2300,2400,2500,2800,3100,3400,3600,5100,5800,5800
GET,imagem_300kb_02_arquivo,4079,0,130,190.5502927202798,13.809854001010535,3227.137236000999,307200.0,34.1500105278077,0.0,130,180,220,260,350,460,820,1100,1800,3200,3200
,Aggregated,8158,0,990,1150.290196104075,13.809854001010535,5843.9545429973805,168683.0,68.3000210556154,0.0,1000,1800,2100,2200,2500,2800,3200,3400,4700,5800,5800
