Type,Name,Request Count,Failure Count,Median Response Time,Average Response Time,Min Response Time,Max Response Time,Average Content Size,Requests/s,Failures/s,50%,66%,75%,80%,90%,95%,98%,99%,99.9%,99.99%,100%
GET,normal_texto_400kb,4558,0,11000,10624.659064216528,1620.6952909997199,16445.435329999782,487649.0,37.93007087286138,0.0,11000,12000,12000,12000,12000,13000,13000,13000,15000,16000,16000
,Aggregated,4558,0,11000,10624.659064216528,1620.6952909997199,16445.435329999782,487649.0,37.93007087286138,0.0,11000,12000,12000,12000,12000,13000,13000,13000,15000,16000,16000
