Type,Name,Request Count,Failure Count,Median Response Time,Average Response Time,Min Response Time,Max Response Time,Average Content Size,Requests/s,Failures/s,50%,66%,75%,80%,90%,95%,98%,99%,99.9%,99.99%,100%
GET,imagem_300kb_01_post,4217,3,4400,4348.982790437264,3.0513199999404605,8654.16466500028,30144.539720180223,35.38686911028832,0.02517443854182238,4400,4700,4900,5100,5400,5700,6100,6500,7600,8700,8700
GET,imagem_300kb_02_arquivo,4198,3,730,811.4678558337458,5.317290000675712,4661.05894499924,306980.46688899474,35.22743099952345,0.02517443854182238,730,860,960,1000,1400,1900,2200,3100,3400,4700,4700
,Aggregated,8415,6,2200,2584.2189525922745,3.0513199999404605,8654.16466500028,168249.97314319666,70.61430010981178,0.05034887708364476,2200,4000,4400,4600,5100,5400,5800,6100,7300,8700,8700
