Type,Name,Request Count,Failure Count,Median Response Time,Average Response Time,Min Response Time,Max Response Time,Average Content Size,Requests/s,Failures/s,50%,66%,75%,80%,90%,95%,98%,99%,99.9%,99.99%,100%
GET,imagem_1mb,16264,0,66,93.03759615224095,13.840746000823856,3374.481908999769,1048576.0,136.23365533190645,0.0,66,91,110,130,180,250,340,390,510,3400,3400
,Aggregated,16264,0,66,93.03759615224095,13.840746000823856,3374.481908999769,1048576.0,136.23365533190645,0.0,66,91,110,130,180,250,340,390,510,3400,3400
