Type,Name,Request Count,Failure Count,Median Response Time,Average Response Time,Min Response Time,Max Response Time,Average Content Size,Requests/s,Failures/s,50%,66%,75%,80%,90%,95%,98%,99%,99.9%,99.99%,100%
GET,hibrido_01_imagem_1mb,1758,43,12000,10300.551895080207,3.4834409998438787,15667.994927000109,29891.532992036406,14.709655035671528,0.3597924724311011,12000,12000,12000,13000,13000,13000,14000,14000,15000,16000,16000
GET,hibrido_02_texto_400kb,1620,43,13000,11638.196999325924,2.6043249999929685,16764.46585999929,474705.23024691356,13.554972217171715,0.3597924724311011,13000,13000,13000,13000,14000,14000,14000,15000,16000,17000,17000
GET,hibrido_03_imagem_300kb,1458,44,12000,11632.854365346366,2.2965609996390413,14651.398793000226,29507.794238683127,12.199474995454544,0.3681597392318244,12000,12000,13000,13000,13000,13000,14000,14000,15000,15000,15000
,Aggregated,4836,130,12000,11150.320726868058,2.2965609996390413,16764.46585999929,178782.9098428453,40.464102248297785,1.0877446840940266,12000,13000,13000,13000,13000,14000,14000,14000,15000,17000,17000
