Type,Name,Request Count,Failure Count,Median Response Time,Average Response Time,Min Response Time,Max Response Time,Average Content Size,Requests/s,Failures/s,50%,66%,75%,80%,90%,95%,98%,99%,99.9%,99.99%,100%
GET,hibrido_01_post_imagem_1mb,1537,40,5000,4830.809949797648,2.4539080004615244,8053.879175000475,29693.58425504229,12.822476829014548,0.33370141389758096,5000,5400,5600,5700,6100,6400,6800,7100,7600,8100,8100
GET,hibrido_02_arquivo_1mb,1489,43,1700,1703.192561890514,2.193684998928802,4876.284884001507,1018294.7588985896,12.42203513233745,0.35872901993989953,1700,2000,2200,2300,2600,2800,2900,3100,4900,4900,4900
GET,hibrido_03_texto_400kb,1424,56,5900,5718.235528705767,2.044225999270566,10028.264927001146,468471.7921348315,11.879770334753882,0.4671819794566133,5900,6200,6500,6700,7100,7500,7900,8100,9800,10000,10000
GET,hibrido_04_post_imagem_300kb,1347,51,5500,5340.036470752842,2.164638997783186,8811.368253998808,29023.857461024498,11.237395113001039,0.4254693027194157,5500,5900,6100,6200,6600,7000,7300,7600,8200,8800,8800
GET,hibrido_05_arquivo_300kb,1334,49,1400,1471.047362309576,2.2922260031918995,3021.0835290017712,295916.0419790105,11.128942153484324,0.4087842320245367,1400,1600,1900,2000,2400,2600,2800,2900,3000,3000,3000
,Aggregated,7131,239,4500,3822.631092104337,2.044225999270566,10028.264927001146,373416.1973075305,59.49061956259124,1.993865948038046,4500,5300,5600,5900,6400,6800,7300,7600,8400,10000,10000
