Type,Name,Request Count,Failure Count,Median Response Time,Average Response Time,Min Response Time,Max Response Time,Average Content Size,Requests/s,Failures/s,50%,66%,75%,80%,90%,95%,98%,99%,99.9%,99.99%,100%
GET,normal_imagem_300kb,4987,0,9900,9462.239501426111,1601.5935579998768,15725.74061099931,30426.0,41.631920492463344,0.0,9900,10000,10000,11000,11000,11000,12000,12000,13000,16000,16000
,Aggregated,4987,0,9900,9462.239501426111,1601.5935579998768,15725.74061099931,30426.0,41.631920492463344,0.0,9900,10000,10000,11000,11000,11000,12000,12000,13000,16000,16000
