Type,Name,Request Count,Failure Count,Median Response Time,Average Response Time,Min Response Time,Max Response Time,Average Content Size,Requests/s,Failures/s,50%,66%,75%,80%,90%,95%,98%,99%,99.9%,99.99%,100%
GET,normal_imagem_1mb,5097,0,9700,9339.818966982732,1652.6348970000981,13929.430463999779,30641.0,42.48676295266686,0.0,9700,10000,10000,10000,11000,11000,11000,12000,13000,14000,14000
,Aggregated,5097,0,9700,9339.818966982732,1652.6348970000981,13929.430463999779,30641.0,42.48676295266686,0.0,9700,10000,10000,10000,11000,11000,11000,12000,13000,14000,14000
