Type,Name,Request Count,Failure Count,Median Response Time,Average Response Time,Min Response Time,Max Response Time,Average Content Size,Requests/s,Failures/s,50%,66%,75%,80%,90%,95%,98%,99%,99.9%,99.99%,100%
GET,texto_400kb_01_post,4378,0,4900,4863.241463538159,831.5197979991353,9135.438690000228,487649.0,36.76884535582546,0.0,4900,5200,5400,5500,6000,6500,7100,7500,8500,9100,9100
,Aggregated,4378,0,4900,4863.241463538159,831.5197979991353,9135.438690000228,487649.0,36.76884535582546,0.0,4900,5200,5400,5500,6000,6500,7100,7500,8500,9100,9100
